{
  "openapi" : "3.0.0",
  "info" : {
    "title" : "tasks",
    "version" : "v1.0.0"
  },
  "servers" : [ {
    "url" : "/"
  } ],
  "paths" : {
    "/tasks" : {
      "get" : {
        "description" : "To retrieve task details against the provided task id",
        "parameters" : [ {
          "name" : "taskId",
          "in" : "query",
          "description" : "Task Id",
          "required" : true,
          "style" : "form",
          "explode" : true,
          "schema" : {
            "maxLength" : 18,
            "minLength" : 18,
            "type" : "string",
            "description" : "Task Id",
            "example" : "00T1k00000B6A4oEAF"
          }
        } ],
        "responses" : {
          "200" : {
            "description" : "",
            "content" : {
              "application/json" : {
                "schema" : {
                  "$ref" : "#/components/schemas/inline_response_200"
                }
              }
            }
          }
        },
        "servers" : [ {
          "url" : "/tasks"
        } ]
      },
      "post" : {
        "description" : "used to create task on sfdc case",
        "requestBody" : {
          "content" : {
            "application/json" : {
              "schema" : {
                "type" : "array",
                "description" : "used to create task on sfdc case",
                "items" : {
                  "$ref" : "#/components/schemas/tasks_body"
                }
              }
            }
          }
        },
        "responses" : {
          "201" : {
            "description" : "",
            "content" : {
              "application/json" : {
                "schema" : {
                  "$ref" : "#/components/schemas/inline_response_201"
                }
              }
            }
          }
        },
        "servers" : [ {
          "url" : "/tasks"
        } ]
      }
    }
  },
  "components" : {
    "schemas" : {
      "inline_response_200" : {
        "type" : "object",
        "properties" : {
          "aid" : {
            "type" : "string",
            "description" : "Account ID",
            "example" : "12345"
          },
          "category" : {
            "type" : "string",
            "description" : "Category",
            "example" : "Billing"
          },
          "cid" : {
            "type" : "string",
            "description" : "Contact ID",
            "example" : "12345"
          },
          "clientName" : {
            "type" : "string",
            "description" : "Client Name",
            "example" : "David"
          },
          "completedDateTime" : {
            "type" : "string",
            "description" : "Completed date time",
            "example" : "2021-03-11T15:05:29.000Z"
          },
          "createdByEmail" : {
            "type" : "string",
            "description" : "Created by email",
            "example" : "j.neidinger@fi.com"
          },
          "createdByFederationIdentifier" : {
            "type" : "string",
            "description" : "Created by Federation Identifier",
            "example" : ""
          },
          "createdById" : {
            "type" : "string",
            "description" : "Created by Id",
            "example" : "0051k000004y07cAAA"
          },
          "createdByLegacyId" : {
            "type" : "string",
            "description" : "Created by legacy id",
            "example" : "0051k000004y07cAAA"
          },
          "createdByName" : {
            "type" : "string",
            "description" : "Created by name",
            "example" : "Jim Neidinger"
          },
          "createdByUserType" : {
            "type" : "string",
            "description" : "Created by user type",
            "example" : "Standard"
          },
          "createdDate" : {
            "type" : "string",
            "description" : "Created date",
            "example" : "2021-03-11T15:05:29.000Z"
          },
          "description" : {
            "type" : "string",
            "description" : "Description",
            "example" : "Test description"
          },
          "expectations" : {
            "type" : "string",
            "description" : "Expecatations",
            "example" : ""
          },
          "householdId" : {
            "type" : "string",
            "description" : "House hold Id",
            "example" : "0011k00000oHQ4KAAW"
          },
          "finAccount" : {
            "type" : "string",
            "description" : "Finance account",
            "example" : ""
          },
          "id" : {
            "type" : "string",
            "description" : "id",
            "example" : "00T1k00000B6xfvEAB"
          },
          "interactionSubtype" : {
            "type" : "string",
            "description" : "Interaction sub type",
            "example" : ""
          },
          "interaction_Type__c" : {
            "type" : "string",
            "description" : "interaction type",
            "example" : ""
          },
          "isDeleted" : {
            "type" : "boolean",
            "description" : "Is deleted",
            "example" : false
          },
          "lastModifiedByEmail" : {
            "type" : "string",
            "description" : "last modified by email",
            "example" : "j.neidinger@fi.com"
          },
          "lastModifiedByFederationIdentifier" : {
            "type" : "string",
            "description" : "last modified by federation identifier",
            "example" : ""
          },
          "lastModifiedById" : {
            "type" : "string",
            "description" : "last modified by id",
            "example" : "005c0000007aHdnAAE"
          },
          "lastModifiedByLegacyId" : {
            "type" : "string",
            "description" : "Last modified by legacy id",
            "example" : ""
          },
          "lastModifiedByName" : {
            "type" : "string",
            "description" : "last modified by name",
            "example" : "j.neidinger@fi.com"
          },
          "lastModifiedByUserType" : {
            "type" : "string",
            "description" : "last Modified By User Type",
            "example" : "Standard"
          },
          "lastModifiedDate" : {
            "type" : "string",
            "description" : "last Modified Date",
            "example" : "2022-03-31T11:19:43.000Z"
          },
          "ownerDetailsEmail" : {
            "type" : "string",
            "description" : "Owner Details Email",
            "example" : "j.neidinger@fi.com"
          },
          "ownerDetailsFederationIdentifier" : {
            "type" : "string",
            "description" : "Owner Details FI",
            "example" : "j.neidinger@fi.com"
          },
          "ownerDetailsId" : {
            "type" : "string",
            "description" : "Owner Details Id",
            "example" : "0051k000004y07cAAA"
          },
          "ownerDetailsownerDetailsLegacyId" : {
            "type" : "string",
            "description" : "Owner Details Legacy Id",
            "example" : "123456"
          },
          "ownerDetailsName" : {
            "type" : "string",
            "description" : "Owner Details Name",
            "example" : "Jim Neidinger"
          },
          "ownerDetailsUserType" : {
            "type" : "string",
            "description" : "Owner Details Type",
            "example" : "User"
          },
          "ownerId" : {
            "type" : "string",
            "description" : "Owner Id",
            "example" : "0051k000004y07cAAA"
          },
          "priority" : {
            "type" : "string",
            "description" : "priority",
            "example" : "Normal"
          },
          "recordTypeName" : {
            "type" : "string",
            "description" : "record Type Name",
            "example" : "Suitability Review"
          },
          "recordTypeId" : {
            "type" : "string",
            "description" : "record Type Id",
            "example" : "012c0000000BLpNAAW"
          },
          "sourceSystemId" : {
            "type" : "string",
            "description" : "source System Id",
            "example" : ""
          },
          "status" : {
            "type" : "string",
            "description" : "status",
            "example" : "Open"
          },
          "subcategory" : {
            "type" : "string",
            "description" : "sub category",
            "example" : "Overdue Fees"
          },
          "subject" : {
            "type" : "string",
            "description" : "subject",
            "example" : "Upcoming Suitability"
          },
          "suitWizCreateDate" : {
            "type" : "string",
            "description" : "suitWiz Create Date",
            "example" : "2022-03-31T11:19:43.000Z"
          },
          "suitwizTaskId" : {
            "type" : "string",
            "description" : "suitwiz Task Id",
            "example" : ""
          },
          "taskSubtype" : {
            "type" : "string",
            "description" : "task Sub type",
            "example" : ""
          },
          "type" : {
            "type" : "string",
            "description" : "type",
            "example" : "Task"
          },
          "whatId" : {
            "type" : "string",
            "description" : "what id",
            "example" : "0011k00000oHQ4KAAW"
          },
          "whoId" : {
            "type" : "string",
            "description" : "who id",
            "example" : "0031k00000dQMh8AAG"
          }
        },
        "example" : {
          "value" : {
            "example" : {
              "strict" : true,
              "value" : {
                "aid" : "0011k00000o0pWGAAY",
                "category" : "Portfolio Evaluation",
                "cid" : "407551",
                "clientName" : "David",
                "completedDateTime" : "2021-03-02T18:19:33.000Z",
                "createdByEmail" : "morgan.stith@accenture.com.invalid",
                "createdById" : "0055w00000DTewLAAT",
                "createdByLegacyId" : "00T1k00000B6A4oEAF",
                "createdByName" : "Morgan Stith",
                "createdByUserType" : "Standard",
                "createdDate" : "2021-03-02T18:19:33.000Z",
                "description" : "Send David welcome letter as a part of new client welcome package.",
                "expectations" : "12233",
                "householdId" : "123344",
                "finAccount" : "112323",
                "id" : "00T1k00000B6A4oEAF",
                "interactionSubtype" : "task",
                "interaction_Type__c" : "Virtual",
                "isDeleted" : false,
                "lastModifiedByEmail" : "sumanth.mungari@accenture.com",
                "lastModifiedByFederationIdentifier" : "00T1k00000B6A4oEAF",
                "lastModifiedById" : "005c0000007aHdnAAE",
                "lastModifiedByLegacyId" : "00T1k00000B6A4oEAF",
                "lastModifiedByName" : "Sumanth Mungari",
                "lastModifiedByUserType" : "Standard",
                "lastModifiedDate" : "2022-03-31T10:31:07.000Z",
                "legacyId" : "2123332",
                "openDate" : "2022-03-31T10:31:07.000Z",
                "origin" : "",
                "ownerDetailsEmail" : "morgan.stith@accenture.com.invalid",
                "ownerDetailsFederationIdentifier" : "00T1k00000B6A4oEAF",
                "ownerDetailsId" : "0055w00000DTewLAAT",
                "ownerDetailsName" : "Morgan Stith",
                "ownerDetailsUserType" : "User",
                "ownerId" : "0055w00000DTewLAAT",
                "priority" : "Normal",
                "primaryTeamName" : "",
                "primaryTeamId" : "",
                "recordTypeName" : "Suit Wiz",
                "recordTypeId" : "012c0000000BKvIAAW",
                "sourceSystemId" : "012c0000000BKvIAAW",
                "status" : "Open",
                "subcategory" : "Benchmark Shift - Fisher Recommended",
                "subject" : "Send Welcome Letter",
                "suitWizCreateDate" : "2021-02-09",
                "suitwizTaskId" : "887799",
                "taskSubtype" : "Task",
                "type" : "Task",
                "whatId" : "0011k00000o0pWGAAY",
                "whoId" : "0031k00000d6kwLAAQ"
              }
            }
          }
        }
      },
      "tasks_body" : {
        "type" : "object",
        "properties" : {
          "AssignedTo" : {
            "type" : "string",
            "description" : "Household IC",
            "example" : "0011k00000oHQ4KAAW1"
          },
          "category" : {
            "type" : "string",
            "description" : "Category",
            "example" : "Billing"
          },
          "Comments" : {
            "type" : "string",
            "description" : "Comments",
            "example" : ""
          },
          "ClientName" : {
            "type" : "string",
            "description" : "status",
            "example" : "test"
          },
          "DueDate" : {
            "type" : "string",
            "description" : "date",
            "example" : "7/23/2024"
          },
          "RelatedTo" : {
            "type" : "string",
            "description" : "finServHousehold",
            "example" : "0011k00000oHQ4KAAW1"
          },
          "subcategory" : {
            "type" : "string",
            "description" : "sub category",
            "example" : "No Order Code"
          },
          "subject" : {
            "type" : "string",
            "description" : "subject",
            "example" : "Resubmit Restrictions; Remove NOC"
          },
          "whatId" : {
            "type" : "string",
            "description" : "what id",
            "example" : "0011k00000oHQ4KAAW"
          },
          "whoId" : {
            "type" : "string",
            "description" : "who id",
            "example" : "0031k00000dQMh8AAG"
          },
          "recordTypeId" : {
            "type" : "string",
            "description" : "record Type Id",
            "example" : "012c0000000BLpNAAW"
          },
          "ownerId" : {
            "type" : "string",
            "description" : "Owner Id",
            "example" : "0051k000004y07cAAA"
          },
          "priority" : {
            "type" : "string",
            "description" : "priority",
            "example" : "Medium"
          },
          "taskRecordType" : {
            "type" : "string",
            "description" : "record type",
            "example" : "task"
          }
        },
        "example" : {
          "strict" : true,
          "value" : {
            "0" : {
              "caseId" : "5008C000003lkBkQAI",
              "details" : "Test details",
              "recordTypeId" : ""
            }
          }
        }
      },
      "inline_response_201" : {
        "type" : "object",
        "properties" : {
          "message" : {
            "type" : "string",
            "description" : "Response Message",
            "example" : "Successfull"
          }
        },
        "example" : {
          "strict" : true,
          "value" : {
            "successful" : "true"
          }
        }
      }
    }
  }
}
